RELEASE_DATE,UNIQUE_ALBUM
2024-04-05,2
2024-06-21,2
2024-08-23,2
2024-08-09,2
2023-07-28,1
2023-09-15,1
1998-03-31,1
2024-09-05,1
2024-05-31,1
2023-06-23,1
2024-08-22,1
2024-07-19,1
2024-09-27,1
2024-04-26,1
2015-04-06,1
2024-10-11,1
2024-09-20,1
2024-03-08,1
2022-09-16,1
2013-04-22,1
2013-09-09,1
2024-07-26,1
2024-08-16,1
2024-07-11,1
2024-05-17,1
2023-09-22,1
2024-05-04,1
2024-10-03,1
2023-11-03,1
2024-08-15,1
2024-08-19,1
2019-08-23,1
2024-06-20,1
2024-05-10,1
2024-09-12,1
2017-07-21,1
2023-12-01,1
2023-11-10,1
2024-09-24,1
